{
  "glyphs": [
    {
      "opcode": 208,
      "p1": -9.207868560107242,
      "p2": -4.178368702865852,
      "dst": 12
    },
    {
      "opcode": 206,
      "stratum": 0,
      "p1": 2.0,
      "p2": -8.871110109642652,
      "dst": 4
    },
    {
      "opcode": 203,
      "stratum": 0,
      "p1": -1.50943385469483,
      "p2": 0.0,
      "dst": 0
    }
  ]
}