{
  "glyphs": [
    {
      "opcode": 206,
      "stratum": 0,
      "p1": 3.9535161651756727,
      "p2": -8.895879878008246,
      "dst": 0
    },
    {
      "opcode": 209,
      "stratum": 0,
      "p1": 2.0,
      "p2": 0.0,
      "dst": 1
    },
    {
      "opcode": 200,
      "stratum": 0,
      "p1": 0.5439471194997392,
      "dst": 2,
      "p2": 3.3754388757841944
    },
    {
      "opcode": 212,
      "stratum": 0,
      "p1": 7.754862097751289,
      "p2": 8.26981636013523,
      "dst": 1
    }
  ]
}